horizon,target,n_cal,n_blind,tau_90,cov_pre_90,cov_post_90,width_pre_90,width_post_90,tau_50,cov_pre_50,cov_post_50,width_pre_50,width_post_50
21,maxdd,5284,1313,0.03398032540432362,0.8156892612338157,0.9383092155369384,0.08296733140450423,0.15092798221315146,0.008286216381012918,0.42955064737242954,0.6161462300076161,0.034295843801671055,0.05086827656369689
63,maxdd,5284,1271,0.09850627770292081,0.6451612903225806,0.963808025177026,0.11086270593957323,0.3078752613454149,0.025055776479519426,0.3918174665617624,0.6034618410700237,0.05453871840381077,0.10465027136284963
126,maxdd,5284,1208,0.21168586636519865,0.7922185430463576,1.0,0.20079017505980518,0.6241619077902025,0.043059083535762196,0.4304635761589404,0.7160596026490066,0.09094789909897442,0.17706606617049883
252,maxdd,5284,1082,0.27231387157540277,0.7393715341959335,1.0,0.2705122076850389,0.8151399508358443,0.08731814387893283,0.09242144177449169,0.6441774491682071,0.03537610659626844,0.2100123943541341
21,ret,5284,1313,0.03992263312634367,0.6907844630616908,0.9314546839299315,0.11424448610152999,0.19408975235421733,0.008472574266343213,0.33206397562833206,0.4546839299314547,0.051927148650703,0.06887229718338943
63,ret,5284,1271,0.11821906393857826,0.6726986624704957,0.9795436664044059,0.18833219406437665,0.4247703219415332,0.03086432743989867,0.3076317859952793,0.5334382376081825,0.0874980075728004,0.14922666245259772
126,ret,5284,1208,0.22564297417076085,0.6672185430463576,0.9718543046357616,0.2409535699467683,0.69223951828829,0.04776340304588816,0.3021523178807947,0.5852649006622517,0.10813818691647362,0.20366499300824992
252,ret,5284,1082,0.3774151009610418,0.5277264325323475,1.0,0.3732198946170935,1.128050096539177,0.09486299197782233,0.16266173752310537,0.3539741219963031,0.12410304764705507,0.3138290316026997
