{
  "model": "v5",
  "entry": 0.35,
  "exit": 0.2,
  "min_dur": 20,
  "max_dur": 30,
  "mf_min": 1,
  "overall_oos_auc": 0.757,
  "tune_metrics": {
    "ev_prec": 0.975609756097561,
    "ev_det": 0.6666666666666666,
    "day_prec": 0.9302721088435374,
    "day_rec": 0.374529270797672,
    "alarm_day_pct": 0.1195729537366548,
    "lead_from_peak": -16
  },
  "test_metrics": {
    "ev_prec": 0.7692307692307693,
    "ev_det": 1.0,
    "day_prec": 0.599483204134367,
    "day_rec": 0.6535211267605634,
    "alarm_day_pct": 0.2901049475262369,
    "lead_from_peak": 37
  }
}