{
  "model": "v5.1",
  "k_lead": 20,
  "entry": 0.25,
  "exit": 0.2,
  "min_dur": 5,
  "max_dur": 30,
  "mf_min": 1,
  "tune": {
    "ev_prec": 0.7661290322580645,
    "ev_det": 0.9333333333333333,
    "day_prec": 0.7041587901701323,
    "day_rec": 0.7651489216021911,
    "adp": 0.32272496187086935,
    "lead": 32,
    "n": 124
  },
  "test": {
    "ev_prec": 0.5263157894736842,
    "ev_det": 1.0,
    "day_prec": 0.4337078651685393,
    "day_rec": 0.543661971830986,
    "adp": 0.3340840840840841,
    "lead": 23,
    "n": 19
  }
}