{
  "model": "v6",
  "entry": 0.45,
  "exit": 0.2,
  "min_dur": 15,
  "max_dur": 30,
  "mf_min": 1,
  "tune": {
    "ev_det": 0.8666666666666667,
    "ev_prec": 0.9342105263157895,
    "day_prec": 0.8124444444444444,
    "day_rec": 0.6258130777131119,
    "adp": 0.22877478393492628,
    "lead": 24,
    "n": 76
  },
  "test": {
    "ev_det": 1.0,
    "ev_prec": 0.5909090909090909,
    "day_prec": 0.4662379421221865,
    "day_rec": 0.8169014084507042,
    "adp": 0.466966966966967,
    "lead": 148,
    "n": 22
  }
}