{
  "experiment": "A_vol_regime_gating",
  "q_selected": 0.1,
  "lookback_days": 504,
  "verdict": "PASS",
  "v5_raw": {
    "tune": {
      "cagr": 0.14677686824969216,
      "sharpe": 1.076898093174715,
      "mdd": -0.1519886554565375,
      "final": 17.72927626938452
    },
    "blind": {
      "cagr": 0.23045478387873475,
      "sharpe": 1.4535269252861351,
      "mdd": -0.13205475975719683,
      "final": 3.005275691358372
    },
    "full": {
      "cagr": 0.16316929950629788,
      "sharpe": 1.1581994276632506,
      "mdd": -0.1519886554565375,
      "final": 53.28136299775814
    },
    "alarm": {
      "ev_det": 1.0,
      "ev_prec": 1.0,
      "day_prec": 0.9583333333333334,
      "day_rec": 0.9299191374663073,
      "adp": 0.259927797833935,
      "lead": -9,
      "n": 12
    }
  },
  "v5_gated": {
    "tune": {
      "cagr": 0.14677686824969216,
      "sharpe": 1.076898093174715,
      "mdd": -0.1519886554565375,
      "final": 17.72927626938452
    },
    "blind": {
      "cagr": 0.23045478387873475,
      "sharpe": 1.4535269252861351,
      "mdd": -0.13205475975719683,
      "final": 3.005275691358372
    },
    "full": {
      "cagr": 0.16316929950629788,
      "sharpe": 1.1581994276632506,
      "mdd": -0.1519886554565375,
      "final": 53.28136299775814
    },
    "alarm": {
      "ev_det": 1.0,
      "ev_prec": 1.0,
      "day_prec": 0.9583333333333334,
      "day_rec": 0.9299191374663073,
      "adp": 0.259927797833935,
      "lead": -9,
      "n": 12
    }
  }
}