{
  "verdict": "FAIL",
  "config_selected": {
    "entry": 0.3,
    "exit": 0.25,
    "min_dur": 15
  },
  "v5": {
    "tune": {
      "cagr": 0.1482144381254349,
      "sharpe": 1.1110577656118839,
      "mdd": -0.14783113674585968
    },
    "blind": {
      "cagr": 0.23722728007503635,
      "sharpe": 1.4920415267403424,
      "mdd": -0.13205475914255072
    },
    "full": {
      "cagr": 0.16492460611943782,
      "sharpe": 1.1899286402774583,
      "mdd": -0.14783113674585968
    },
    "alarm": {
      "ev_det": 1.0,
      "ev_prec": 1.0,
      "day_prec": 0.9555555555555556,
      "day_rec": 0.9297297297297298,
      "adp": 0.26011560693641617,
      "lead": -9,
      "n": 12
    }
  },
  "v5_multi": {
    "tune": {
      "cagr": 0.12465711426533721,
      "sharpe": 1.0411052514085841,
      "mdd": -0.130633835571776
    },
    "blind": {
      "cagr": 0.1521051996017213,
      "sharpe": 1.1129309468972879,
      "mdd": -0.13147319076607922
    },
    "full": {
      "cagr": 0.12945153630189932,
      "sharpe": 1.050838424824865,
      "mdd": -0.13147319076607944
    },
    "alarm": {
      "ev_det": 1.0,
      "ev_prec": 0.625,
      "day_prec": 0.5711252653927813,
      "day_rec": 0.727027027027027,
      "adp": 0.3403179190751445,
      "lead": -66,
      "n": 16
    }
  }
}