{
  "R1_MA50": {
    "full": {
      "cagr": 0.16316929950629788,
      "sharpe": 1.1581994276632506,
      "mdd": -0.1519886554565375
    },
    "tune": {
      "cagr": 0.14677686824969216,
      "sharpe": 1.076898093174715,
      "mdd": -0.1519886554565375
    },
    "blind": {
      "cagr": 0.23045478387873475,
      "sharpe": 1.4535269252861351,
      "mdd": -0.13205475975719683
    }
  },
  "R2_MA30x200": {
    "full": {
      "cagr": 0.1403539498754085,
      "sharpe": 1.071635736293895,
      "mdd": -0.14783118504521464
    },
    "tune": {
      "cagr": 0.1286286076339076,
      "sharpe": 1.0186275515123198,
      "mdd": -0.14783118504521464
    },
    "blind": {
      "cagr": 0.18803440572805785,
      "sharpe": 1.2628076224844083,
      "mdd": -0.13205475975719716
    }
  },
  "R3_MA50x200": {
    "full": {
      "cagr": 0.13932007824920967,
      "sharpe": 1.0536305699495763,
      "mdd": -0.14783118504521486
    },
    "tune": {
      "cagr": 0.1256811055363365,
      "sharpe": 0.9793033837184832,
      "mdd": -0.14783118504521486
    },
    "blind": {
      "cagr": 0.19500514287938842,
      "sharpe": 1.325438890528,
      "mdd": -0.13205475975719683
    }
  },
  "R4_SIGNAL": {
    "full": {
      "cagr": 0.16064972205011063,
      "sharpe": 1.1535851404931667,
      "mdd": -0.15198865545653795
    },
    "tune": {
      "cagr": 0.14217097497953124,
      "sharpe": 1.0608979266255767,
      "mdd": -0.15198865545653795
    },
    "blind": {
      "cagr": 0.23683753979386712,
      "sharpe": 1.4858845538205658,
      "mdd": -0.1320547597571965
    }
  },
  "R5_ORACLE": {
    "full": {
      "cagr": 0.16856032759772321,
      "sharpe": 1.2222424637880014,
      "mdd": -0.1478311850452153
    },
    "tune": {
      "cagr": 0.15263085106487573,
      "sharpe": 1.1560358081605875,
      "mdd": -0.1478311850452153
    },
    "blind": {
      "cagr": 0.23387530455702854,
      "sharpe": 1.4583743850787396,
      "mdd": -0.1320547597571966
    }
  }
}