{
  "verdict": "FAIL",
  "v5": {
    "tune": {
      "cagr": 0.1482144381254349,
      "sharpe": 1.1110577656118839,
      "mdd": -0.14783113674585968
    },
    "blind": {
      "cagr": 0.23722728007503635,
      "sharpe": 1.4920415267403424,
      "mdd": -0.13205475914255072
    },
    "full": {
      "cagr": 0.16492460611943782,
      "sharpe": 1.1899286402774583,
      "mdd": -0.14783113674585968
    },
    "alarm": {
      "ev_det": 1.0,
      "ev_prec": 1.0,
      "day_prec": 0.9555555555555556,
      "day_rec": 0.9297297297297298,
      "adp": 0.26011560693641617,
      "lead": -9,
      "n": 12
    }
  },
  "v5_multi": {
    "tune": {
      "cagr": 0.08044134996674601,
      "sharpe": 0.7026610126878553,
      "mdd": -0.19504770921373749
    },
    "blind": {
      "cagr": 0.13032697064775456,
      "sharpe": 0.918496678243482,
      "mdd": -0.13602573768474002
    },
    "full": {
      "cagr": 0.08967957059014786,
      "sharpe": 0.7460422926452152,
      "mdd": -0.19504770921373749
    },
    "alarm": {
      "ev_det": 1.0,
      "ev_prec": 0.6428571428571429,
      "day_prec": 0.6265060240963856,
      "day_rec": 0.7027027027027027,
      "adp": 0.29985549132947975,
      "lead": -73,
      "n": 14
    }
  },
  "feature_importance": {
    "equity_drawdown": 0.49936139583587646,
    "equity_ma200_dist": 0.1355348825454712,
    "equity_return_63d": 0.05634165555238724,
    "equity_return_252d": 0.048536986112594604,
    "equity_ma50_dist": 0.04813694953918457,
    "vix_close": 0.04248160496354103,
    "equity_vol_60d": 0.03973327577114105,
    "equity_vol_20d": 0.03570762276649475,
    "equity_vol_ratio": 0.027108194306492805,
    "equity_momentum": 0.027089569717645645,
    "equity_return_20d": 0.024671297520399094,
    "equity_return_5d": 0.015296533703804016
  }
}