{
  "bot_thresh": 0.4,
  "cost_bps": 5,
  "final": {
    "BH": 124.98593566204674,
    "v5": 1794.604675628503,
    "v5_1": 234.81833530440989
  }
}