{
  "verdict": "FAIL",
  "v5": {
    "tune": {
      "cagr": 0.14677686824969216,
      "sharpe": 1.076898093174715,
      "mdd": -0.1519886554565375,
      "final": 17.72927626938452
    },
    "blind": {
      "cagr": 0.23045478387873475,
      "sharpe": 1.4535269252861351,
      "mdd": -0.13205475975719683,
      "final": 3.005275691358372
    },
    "full": {
      "cagr": 0.16316929950629788,
      "sharpe": 1.1581994276632506,
      "mdd": -0.1519886554565375,
      "final": 53.28136299775814
    },
    "alarm": {
      "ev_det": 1.0,
      "ev_prec": 1.0,
      "day_prec": 0.9583333333333334,
      "day_rec": 0.9299191374663073,
      "adp": 0.259927797833935,
      "lead": -9,
      "n": 12
    }
  },
  "v6": {
    "tune": {
      "cagr": 0.07665477588647818,
      "sharpe": 0.5300365713020213,
      "mdd": -0.5212392593229155,
      "final": 4.714203207471821
    },
    "blind": {
      "cagr": 0.10016969092175354,
      "sharpe": 0.8398848023682031,
      "mdd": -0.17867333600548552,
      "final": 1.6595225917149201
    },
    "full": {
      "cagr": 0.08134925817233696,
      "sharpe": 0.5758691008087667,
      "mdd": -0.5212392593229155,
      "final": 7.823326724734427
    },
    "alarm": {
      "ev_det": 1.0,
      "ev_prec": 0.5652173913043478,
      "day_prec": 0.4496951219512195,
      "day_rec": 0.7951482479784366,
      "adp": 0.4736462093862816,
      "lead": 148,
      "n": 23
    }
  },
  "kill_criteria": [
    {
      "metric": "day_precision",
      "delta": -0.5086382113821138,
      "threshold": -0.05,
      "pass": false
    },
    {
      "metric": "ev_det",
      "delta": 0.0,
      "threshold": -0.05,
      "pass": true
    },
    {
      "metric": "median lead",
      "delta": 157,
      "threshold": -5,
      "pass": true
    },
    {
      "metric": "blind CAGR",
      "delta": -0.1302850929569812,
      "threshold": -0.02,
      "pass": 0.0
    }
  ]
}